<?xml version='1.0' encoding='UTF-8'?>
<?artifactRepository version='1.1.0'?>
<repository name='Bundle pool' type='org.eclipse.equinox.p2.artifact.repository.simpleRepository' version='1'>
  <properties size='2'>
    <property name='p2.system' value='true'/>
    <property name='p2.timestamp' value='1464700802532'/>
  </properties>
  <mappings size='3'>
    <rule filter='(&amp; (classifier=osgi.bundle))' output='${repoUrl}/plugins/${id}_${version}.jar'/>
    <rule filter='(&amp; (classifier=binary))' output='${repoUrl}/binary/${id}_${version}'/>
    <rule filter='(&amp; (classifier=org.eclipse.update.feature))' output='${repoUrl}/features/${id}_${version}.jar'/>
  </mappings>
  <artifacts size='64'>
    <artifact classifier='osgi.bundle' id='org.eclipse.virgo.util.math' version='3.7.0.M03'>
      <properties size='1'>
        <property name='download.size' value='9208'/>
      </properties>
    </artifact>
    <artifact classifier='osgi.bundle' id='org.eclipse.equinox.cm' version='1.0.400.v20130327-1442'>
      <properties size='1'>
        <property name='download.size' value='63421'/>
      </properties>
    </artifact>
    <artifact classifier='osgi.bundle' id='org.eclipse.gemini.management' version='1.0.5.RELEASE'>
      <properties size='1'>
        <property name='download.size' value='101540'/>
      </properties>
    </artifact>
    <artifact classifier='osgi.bundle' id='org.springframework.aop' version='4.2.4.v20160512-1057'>
      <properties size='1'>
        <property name='download.size' value='378513'/>
      </properties>
    </artifact>
    <artifact classifier='osgi.bundle' id='org.eclipse.virgo.medic.logbackclassicfragment' version='3.7.0.M03'>
      <properties size='1'>
        <property name='download.size' value='1246'/>
      </properties>
    </artifact>
    <artifact classifier='osgi.bundle' id='org.eclipse.virgo.util.osgi' version='3.7.0.M03'>
      <properties size='1'>
        <property name='download.size' value='2895'/>
      </properties>
    </artifact>
    <artifact classifier='osgi.bundle' id='org.springframework.core' version='4.2.4.v20160512-1057'>
      <properties size='1'>
        <property name='download.size' value='1087172'/>
      </properties>
    </artifact>
    <artifact classifier='osgi.bundle' id='org.springframework.expression' version='4.2.4.v20160512-1057'>
      <properties size='1'>
        <property name='download.size' value='270850'/>
      </properties>
    </artifact>
    <artifact classifier='osgi.bundle' id='org.eclipse.gemini.blueprint.extender' version='2.0.0.RELEASE'>
      <properties size='1'>
        <property name='download.size' value='181203'/>
      </properties>
    </artifact>
    <artifact classifier='osgi.bundle' id='org.eclipse.virgo.nano.management' version='3.7.0.M03'>
      <properties size='1'>
        <property name='download.size' value='8146'/>
      </properties>
    </artifact>
    <artifact classifier='osgi.bundle' id='org.eclipse.virgo.kernel.equinox.extensions' version='3.7.0.M03'>
      <properties size='1'>
        <property name='download.size' value='23841'/>
      </properties>
    </artifact>
    <artifact classifier='osgi.bundle' id='org.eclipse.virgo.nano.core' version='3.7.0.M03'>
      <properties size='1'>
        <property name='download.size' value='148703'/>
      </properties>
    </artifact>
    <artifact classifier='osgi.bundle' id='org.eclipse.virgo.kernel.kerneldmfragment' version='3.7.0.M03'>
      <properties size='1'>
        <property name='download.size' value='1231'/>
      </properties>
    </artifact>
    <artifact classifier='osgi.bundle' id='org.apache.felix.gogo.command' version='0.10.0.v201209301215'>
      <properties size='1'>
        <property name='download.size' value='57646'/>
      </properties>
    </artifact>
    <artifact classifier='osgi.bundle' id='org.eclipse.equinox.console.ssh' version='1.0.0.v20130515-2026'>
      <properties size='1'>
        <property name='download.size' value='53153'/>
      </properties>
    </artifact>
    <artifact classifier='osgi.bundle' id='org.eclipse.virgo.nano.deployer.api' version='3.7.0.M03'>
      <properties size='1'>
        <property name='download.size' value='12490'/>
      </properties>
    </artifact>
    <artifact classifier='osgi.bundle' id='org.eclipse.virgo.kernel.userregionfactory' version='3.7.0.M03'>
      <properties size='1'>
        <property name='download.size' value='14968'/>
      </properties>
    </artifact>
    <artifact classifier='osgi.bundle' id='org.springframework.context' version='4.2.4.v20160512-1057'>
      <properties size='1'>
        <property name='download.size' value='1107689'/>
      </properties>
    </artifact>
    <artifact classifier='osgi.bundle' id='org.eclipse.gemini.blueprint.core' version='2.0.0.RELEASE'>
      <properties size='1'>
        <property name='download.size' value='582014'/>
      </properties>
    </artifact>
    <artifact classifier='osgi.bundle' id='org.springframework.beans' version='4.2.4.v20160512-1057'>
      <properties size='1'>
        <property name='download.size' value='739823'/>
      </properties>
    </artifact>
    <artifact classifier='osgi.bundle' id='oevm.org.aopalliance' version='1.0.0'>
      <properties size='1'>
        <property name='download.size' value='4658'/>
      </properties>
    </artifact>
    <artifact classifier='osgi.bundle' id='org.eclipse.virgo.repository' version='3.7.0.M03'>
      <properties size='1'>
        <property name='download.size' value='138855'/>
      </properties>
    </artifact>
    <artifact classifier='osgi.bundle' id='osgi.enterprise' version='4.2.0.v201108120515'>
      <properties size='1'>
        <property name='download.size' value='159935'/>
      </properties>
    </artifact>
    <artifact classifier='osgi.bundle' id='org.eclipse.virgo.management.fragment' version='3.7.0.M03'>
      <properties size='1'>
        <property name='download.size' value='2468'/>
      </properties>
    </artifact>
    <artifact classifier='osgi.bundle' id='org.eclipse.virgo.shell.command' version='3.7.0.M03'>
      <properties size='1'>
        <property name='download.size' value='124894'/>
      </properties>
    </artifact>
    <artifact classifier='osgi.bundle' id='org.eclipse.virgo.kernel.artifact' version='3.7.0.M03'>
      <properties size='1'>
        <property name='download.size' value='48352'/>
      </properties>
    </artifact>
    <artifact classifier='osgi.bundle' id='jul.to.slf4j' version='1.7.13'>
      <properties size='1'>
        <property name='download.size' value='4595'/>
      </properties>
    </artifact>
    <artifact classifier='osgi.bundle' id='slf4j.api' version='1.7.13'>
      <properties size='1'>
        <property name='download.size' value='33088'/>
      </properties>
    </artifact>
    <artifact classifier='osgi.bundle' id='ch.qos.logback.core' version='1.1.3'>
      <properties size='1'>
        <property name='download.size' value='455041'/>
      </properties>
    </artifact>
    <artifact classifier='osgi.bundle' id='ch.qos.logback.classic' version='1.1.3'>
      <properties size='1'>
        <property name='download.size' value='280928'/>
      </properties>
    </artifact>
    <artifact classifier='osgi.bundle' id='org.apache.commons.codec' version='1.10.0.v20151023-1447'>
      <properties size='1'>
        <property name='download.size' value='285764'/>
      </properties>
    </artifact>
    <artifact classifier='osgi.bundle' id='org.eclipse.virgo.util.parser.launcher' version='3.7.0.M03'>
      <properties size='1'>
        <property name='download.size' value='7833'/>
      </properties>
    </artifact>
    <artifact classifier='osgi.bundle' id='org.eclipse.virgo.medic' version='3.7.0.M03'>
      <properties size='1'>
        <property name='download.size' value='14973'/>
      </properties>
    </artifact>
    <artifact classifier='osgi.bundle' id='org.eclipse.equinox.ds' version='1.4.101.v20130813-1853'>
      <properties size='1'>
        <property name='download.size' value='194099'/>
      </properties>
    </artifact>
    <artifact classifier='osgi.bundle' id='org.apache.commons.logging' version='1.2.0.v20151023-1447'>
      <properties size='1'>
        <property name='download.size' value='64282'/>
      </properties>
    </artifact>
    <artifact classifier='osgi.bundle' id='org.apache.sshd.core' version='0.5.0.v201108120515'>
      <properties size='1'>
        <property name='download.size' value='337822'/>
      </properties>
    </artifact>
    <artifact classifier='osgi.bundle' id='org.eclipse.osgi.services' version='3.3.100.v20130513-1956'>
      <properties size='1'>
        <property name='download.size' value='82610'/>
      </properties>
    </artifact>
    <artifact classifier='osgi.bundle' id='org.eclipse.virgo.medic.core' version='3.7.0.M03'>
      <properties size='1'>
        <property name='download.size' value='89145'/>
      </properties>
    </artifact>
    <artifact classifier='osgi.bundle' id='org.eclipse.virgo.util.io' version='3.7.0.M03'>
      <properties size='1'>
        <property name='download.size' value='30297'/>
      </properties>
    </artifact>
    <artifact classifier='osgi.bundle' id='org.apache.felix.gogo.runtime' version='0.10.0.v201209301036'>
      <properties size='1'>
        <property name='download.size' value='80249'/>
      </properties>
    </artifact>
    <artifact classifier='osgi.bundle' id='org.eclipse.virgo.nano.deployer.hot' version='3.7.0.M03'>
      <properties size='1'>
        <property name='download.size' value='9952'/>
      </properties>
    </artifact>
    <artifact classifier='osgi.bundle' id='org.eclipse.virgo.kernel.osgi' version='3.7.0.M03'>
      <properties size='1'>
        <property name='download.size' value='38444'/>
      </properties>
    </artifact>
    <artifact classifier='osgi.bundle' id='org.eclipse.equinox.console' version='1.0.100.v20130429-0953'>
      <properties size='1'>
        <property name='download.size' value='116043'/>
      </properties>
    </artifact>
    <artifact classifier='osgi.bundle' id='org.eclipse.equinox.simpleconfigurator' version='1.0.400.v20130327-2119'>
      <properties size='1'>
        <property name='download.size' value='40353'/>
      </properties>
    </artifact>
    <artifact classifier='osgi.bundle' id='org.eclipse.virgo.util.osgi.manifest' version='3.7.0.M03'>
      <properties size='1'>
        <property name='download.size' value='92588'/>
      </properties>
    </artifact>
    <artifact classifier='osgi.bundle' id='oevm.org.apache.commons.httpclient' version='3.1.0'>
      <properties size='1'>
        <property name='download.size' value='307990'/>
      </properties>
    </artifact>
    <artifact classifier='osgi.bundle' id='org.eclipse.osgi' version='3.9.1.v20140110-1610'>
      <properties size='1'>
        <property name='download.size' value='1392395'/>
      </properties>
    </artifact>
    <artifact classifier='osgi.bundle' id='oevm.org.aspectj.aspectjweaver' version='1.7.2.RELEASE'>
      <properties size='1'>
        <property name='download.size' value='1844385'/>
      </properties>
    </artifact>
    <artifact classifier='osgi.bundle' id='org.eclipse.gemini.blueprint.io' version='2.0.0.RELEASE'>
      <properties size='1'>
        <property name='download.size' value='33297'/>
      </properties>
    </artifact>
    <artifact classifier='osgi.bundle' id='org.eclipse.equinox.region' version='1.1.101.v20130722-1314'>
      <properties size='1'>
        <property name='download.size' value='71749'/>
      </properties>
    </artifact>
    <artifact classifier='osgi.bundle' id='org.eclipse.virgo.util.jmx' version='3.7.0.M03'>
      <properties size='1'>
        <property name='download.size' value='4577'/>
      </properties>
    </artifact>
    <artifact classifier='osgi.bundle' id='org.apache.mina.core' version='2.0.2.v201108120515'>
      <properties size='1'>
        <property name='download.size' value='671930'/>
      </properties>
    </artifact>
    <artifact classifier='osgi.bundle' id='org.eclipse.equinox.common' version='3.6.200.v20130402-1505'>
      <properties size='1'>
        <property name='download.size' value='106521'/>
      </properties>
    </artifact>
    <artifact classifier='osgi.bundle' id='org.eclipse.virgo.kernel.agent.dm' version='3.7.0.M03'>
      <properties size='1'>
        <property name='download.size' value='17512'/>
      </properties>
    </artifact>
    <artifact classifier='osgi.bundle' id='org.eclipse.equinox.event' version='1.3.0.v20130327-1442'>
      <properties size='1'>
        <property name='download.size' value='32546'/>
      </properties>
    </artifact>
    <artifact classifier='osgi.bundle' id='org.eclipse.virgo.medic.slf4japifragment' version='3.7.0.M03'>
      <properties size='1'>
        <property name='download.size' value='4572'/>
      </properties>
    </artifact>
    <artifact classifier='osgi.bundle' id='org.apache.felix.gogo.shell' version='0.10.0.v201211091412'>
      <properties size='1'>
        <property name='download.size' value='60836'/>
      </properties>
    </artifact>
    <artifact classifier='osgi.bundle' id='org.eclipse.equinox.util' version='1.0.500.v20130404-1337'>
      <properties size='1'>
        <property name='download.size' value='77626'/>
      </properties>
    </artifact>
    <artifact classifier='osgi.bundle' id='org.eclipse.virgo.medic.logbackcorefragment' version='3.7.0.M03'>
      <properties size='1'>
        <property name='download.size' value='1244'/>
      </properties>
    </artifact>
    <artifact classifier='osgi.bundle' id='org.eclipse.virgo.kernel.deployer' version='3.7.0.M03'>
      <properties size='1'>
        <property name='download.size' value='277126'/>
      </properties>
    </artifact>
    <artifact classifier='osgi.bundle' id='org.eclipse.virgo.util.common' version='3.7.0.M03'>
      <properties size='1'>
        <property name='download.size' value='57026'/>
      </properties>
    </artifact>
    <artifact classifier='osgi.bundle' id='org.eclipse.virgo.kernel.services' version='3.7.0.M03'>
      <properties size='1'>
        <property name='download.size' value='31858'/>
      </properties>
    </artifact>
    <artifact classifier='osgi.bundle' id='org.eclipse.virgo.util.parser.manifest' version='3.7.0.M03'>
      <properties size='1'>
        <property name='download.size' value='25443'/>
      </properties>
    </artifact>
    <artifact classifier='osgi.bundle' id='org.eclipse.virgo.kernel.model' version='3.7.0.M03'>
      <properties size='1'>
        <property name='download.size' value='66513'/>
      </properties>
    </artifact>
  </artifacts>
</repository>
